x_mean,y_mean,z_mean,x_Var,y_Var,z_Var,x_sd,y_sd,z_sd,mean_mag,mag_mean,cov_xy,cov_yz,cov_zx,avg_power,power_spec,Label,User
-1.041000,4.383000,-2.158400,3.521439,2.128009,1.275515,1.876550,1.458770,1.129387,4.995304,5.408212,-1.659354,0.443295,-1.839568,88.580966,88.580966,0,1
-2.144550,3.829750,1.276950,2.357966,3.558150,13.052141,1.535567,1.886306,3.612775,4.571289,6.002671,-1.125971,-4.144807,-1.238792,136.783253,136.783253,0,1
-1.480650,1.965150,3.373200,1.579934,0.604346,4.127695,1.256954,0.777397,2.031673,4.175239,4.355671,-0.380441,0.582940,-1.466031,73.865227,73.865227,0,1
-0.179450,1.714950,1.640500,1.211458,1.067936,1.807600,1.100663,1.033410,1.344470,2.380020,2.742071,0.291783,0.431321,-0.665501,23.661747,23.661747,0,1
0.371550,2.533600,-1.063200,0.889258,2.045352,6.289656,0.943005,1.430158,2.507919,2.772647,3.543199,0.293801,-1.710438,0.015133,19.656889,19.656889,0,1
-1.369100,4.382150,-2.386950,3.664703,3.590140,2.979495,1.914341,1.894766,1.726121,5.174476,5.644474,-2.598955,-0.557369,-1.467526,107.118054,107.118054,0,1
-2.448100,3.670450,1.767400,1.881766,5.443465,14.948955,1.371775,2.333123,3.866388,4.752799,6.343987,-1.645937,-7.973109,0.984166,155.617428,155.617428,0,1
-0.777800,1.905650,3.259900,5.026932,1.114501,6.548079,2.242082,1.055699,2.558921,3.855311,4.692609,0.473657,-0.166885,-4.051236,107.611156,107.611156,0,1
-0.536750,3.373800,-0.329100,5.424680,5.270704,4.911625,2.329094,2.295801,2.216219,3.432045,4.536526,-2.811331,-2.246625,0.398160,108.830931,108.830931,0,1
-1.839050,3.263700,0.750250,3.402100,5.299423,14.673588,1.844478,2.302048,3.830612,3.820565,5.562164,-0.901601,-5.985810,-3.341216,132.282001,132.282001,0,1
-1.232000,2.315500,3.168550,5.947836,1.243644,7.671594,2.438819,1.115188,2.769764,4.113280,5.235684,0.489210,-1.647942,-3.662025,143.365368,143.365368,0,1
-0.108000,2.315000,1.226050,3.940083,1.995816,6.214860,1.984964,1.412733,2.492962,2.621848,3.819270,0.155010,-0.705346,-1.968239,75.094858,75.094858,0,1
-0.715950,3.680350,-1.831800,3.770884,6.068507,4.300550,1.941876,2.463434,2.073777,4.172895,4.836706,-2.771809,-3.115189,-0.510403,81.898487,81.898487,0,1
-2.343200,4.067200,-0.803150,4.163708,6.610849,11.131620,2.040517,2.571157,3.336408,4.762116,6.351855,-0.886275,-5.547425,-3.818986,188.922186,188.922186,0,1
-1.661200,2.591850,2.606250,4.993490,3.919387,6.763400,2.234612,1.979744,2.600654,4.033585,5.291314,-0.567376,-2.733950,1.567950,150.068016,150.068016,0,1
0.044450,2.407400,1.526850,1.989207,1.084026,6.308888,1.410392,1.041166,2.511750,2.851109,3.748487,0.221896,0.228282,-0.398270,37.834441,37.834441,0,1
0.505950,2.961700,-1.857950,0.745088,1.384436,2.204981,0.863185,1.176621,1.484918,3.532652,3.819461,0.121212,-1.018457,-0.780856,19.276387,19.276387,0,1
-0.038900,3.922050,-1.550000,1.534818,3.508889,4.036732,1.238878,1.873203,2.009162,4.217403,4.907870,-1.300885,-0.409804,-1.511271,29.191808,29.191808,0,1
-0.526550,2.891000,1.933050,1.437980,4.882946,5.950231,1.199158,2.209739,2.439310,3.517360,4.524348,-1.439403,-3.321111,0.453530,32.866711,32.866711,0,1
0.366900,1.339200,2.139100,1.472205,0.259967,4.284121,1.213345,0.509870,2.069812,2.550259,3.023340,-0.340857,0.749648,-1.487015,30.664206,30.664206,0,1
0.339950,1.266250,0.453250,0.726271,0.333558,0.357894,0.852215,0.577545,0.598242,1.387224,1.695820,-0.089729,0.164691,-0.206624,16.110463,16.110463,0,1
0.245300,2.170050,-0.465150,0.597961,1.240716,1.957314,0.773279,1.113874,1.399040,2.232858,2.562976,0.478211,-0.969473,-0.909169,12.564694,12.564694,0,1
0.579250,4.099450,-2.075600,0.980531,3.673999,2.725608,0.990218,1.916768,1.650941,4.631321,4.994153,-1.068733,0.045582,-1.300521,25.340699,25.340699,0,1
-0.476950,4.021900,-0.606000,3.503305,4.194876,10.697351,1.871712,2.048140,3.270680,4.095168,5.611627,0.439843,-2.835633,-5.402598,71.112413,71.112413,0,1
0.110500,2.336850,2.559400,5.351233,1.009993,6.917917,2.313273,1.004984,2.630193,3.467507,4.690301,-0.528533,-1.585474,-0.814188,101.917630,101.917630,0,1
0.687500,1.894800,1.831300,2.158887,0.520737,4.633724,1.469315,0.721621,2.152609,2.723340,3.350358,-0.133746,-0.069398,1.593985,50.471982,50.471982,0,1
0.250100,2.852250,-1.552500,0.486945,1.540322,3.515326,0.697815,1.241097,1.874920,3.257013,3.601758,0.504813,-1.892903,-1.105612,10.502962,10.502962,0,1
0.157750,4.335450,-2.131300,0.865976,2.342535,2.112860,0.930578,1.530534,1.453568,4.833575,5.140076,-0.822173,0.094804,-0.697282,16.951247,16.951247,0,1
-0.696150,3.441300,1.902550,1.383154,4.180969,10.439294,1.176076,2.044742,3.230990,3.993353,5.280890,-0.358620,-4.643998,-1.243197,35.972417,35.972417,0,1
-0.132750,1.964800,3.047300,3.065421,0.477071,4.547454,1.750834,0.690703,2.132476,3.628236,4.183993,-0.564696,0.497158,-2.539803,58.595441,58.595441,0,1
0.172400,1.973300,0.436100,1.929528,1.201447,1.503430,1.389075,1.096105,1.226144,2.028255,2.672432,-0.487316,-0.601447,0.189932,37.255472,37.255472,0,1
-0.301750,3.196300,-1.837750,0.661524,2.884291,2.942569,0.813341,1.698320,1.715392,3.699285,4.013235,-0.572543,-2.030461,-0.165519,14.390013,14.390013,0,1
-0.946250,4.218400,-1.278500,1.724405,2.912621,6.645451,1.313166,1.706640,2.577877,4.508309,5.387935,-1.440386,-1.194424,-0.860022,50.671479,50.671479,0,1
-1.223500,2.960500,2.386500,1.631136,3.672956,6.193288,1.277159,1.916496,2.488632,3.994608,4.881770,-1.711562,-3.011514,0.868260,60.930634,60.930634,0,1
-0.356700,1.464000,2.431750,0.932206,0.229516,3.912208,0.965508,0.479078,1.977930,2.860758,3.011501,-0.378702,0.919844,-1.455378,20.256616,20.256616,0,1
0.280850,1.355500,0.698000,0.369114,0.527794,0.278524,0.607547,0.726495,0.527754,1.550310,1.703194,-0.067184,0.267154,-0.111466,8.590699,8.590699,0,1
-0.188250,1.820900,-0.005750,0.824938,1.132777,0.756522,0.908261,1.064320,0.869783,1.830614,2.159765,-0.354831,-0.212074,0.398403,16.382581,16.382581,0,1
-0.540400,2.922900,-1.866050,0.451411,2.095221,2.015762,0.671872,1.447488,1.419775,3.509632,3.704302,-0.189268,-1.312409,-0.397522,14.417460,14.417460,0,1
-1.347350,4.212800,-1.395050,2.136563,3.113550,4.742772,1.461699,1.764525,2.177791,4.637801,5.357268,-1.820567,-0.267427,-1.558254,76.901737,76.901737,0,1
-1.786250,3.162000,2.246050,2.764260,4.619433,6.436613,1.662606,2.149287,2.537048,4.270091,5.243131,-2.163773,-3.930162,1.004960,116.334717,116.334717,0,1
-0.457500,1.499650,2.509800,2.350924,0.154703,4.204829,1.533272,0.393323,2.050568,2.959282,3.286272,-0.296472,0.594009,-2.115504,48.853684,48.853684,0,1
0.179400,1.419600,0.640250,0.992215,0.201102,0.368116,0.996100,0.448444,0.606726,1.567600,1.863132,0.173953,0.118992,-0.078763,19.495774,19.495774,0,1
-0.200100,1.745600,-0.108300,0.987381,0.425072,0.584510,0.993670,0.651975,0.764532,1.760366,2.091312,0.121735,-0.111522,0.247261,19.561034,19.561034,0,1
-0.432100,2.713600,-1.610600,0.205121,1.008196,1.229853,0.452903,1.004090,1.108987,3.185022,3.285529,0.059101,-0.974523,-0.028704,7.631510,7.631510,0,1
-1.768000,4.274350,-1.415550,2.979063,2.651129,2.457995,1.725996,1.628229,1.567799,4.837321,5.318622,-2.094730,0.232065,-1.722514,119.118682,119.118682,0,1
-2.235000,3.689350,1.849700,2.681902,4.066241,5.917255,1.637651,2.016492,2.432541,4.693391,5.568914,-2.273304,-3.540310,1.646453,150.860644,150.860644,0,1
-0.769800,1.839250,2.540600,1.314845,0.481108,2.547826,1.146667,0.693619,1.596191,3.229564,3.361460,-0.250378,0.895302,-1.239872,36.833896,36.833896,0,1
-0.088150,1.195100,0.758050,0.043356,0.039809,0.289656,0.208220,0.199523,0.538197,1.417982,1.462158,-0.033152,0.099762,-0.096913,0.979163,0.979163,0,1
0.081700,1.207200,0.196900,0.201371,0.164974,0.119099,0.448744,0.406169,0.345107,1.225878,1.316922,-0.028203,-0.034030,-0.085475,3.959548,3.959548,0,1
-0.228000,1.406600,-0.050600,0.395936,0.455746,0.295496,0.629235,0.675090,0.543596,1.425857,1.579770,-0.169702,-0.253776,0.063099,8.562468,8.562468,0,1
-0.265750,2.982200,-1.509850,0.454224,3.097085,2.319742,0.673961,1.759854,1.523070,3.353176,3.529538,0.437644,-2.629488,-0.393325,10.042711,10.042711,1,1
-0.734950,4.591150,-1.989100,1.068931,1.762208,1.308444,1.033891,1.327482,1.143873,5.057206,5.260803,-0.152571,-0.606679,-0.638928,31.112721,31.112721,1,1
-0.736750,3.927000,1.788850,2.000922,3.010412,10.962736,1.414539,1.735054,3.311002,4.377684,5.576701,-0.992473,-2.315219,1.591715,48.873527,48.873527,1,1
-0.059750,2.255600,3.233700,1.227579,1.897267,4.267759,1.107961,1.377413,2.065855,3.943110,4.157421,-0.131737,1.870036,-0.734791,23.395395,23.395395,1,1
0.014950,1.446200,1.228800,0.031169,0.040572,0.571388,0.176547,0.201424,0.755902,1.897806,1.997171,0.030599,-0.063595,-0.089291,0.596679,0.596679,1,1
0.338750,1.587150,0.109000,2.502259,0.511636,1.894435,1.581853,0.715287,1.376385,1.626554,2.335834,-0.068857,-0.370037,-1.592676,49.837955,49.837955,1,1
0.274650,2.203400,-1.007400,2.776060,2.054363,2.558792,1.666151,1.433305,1.599623,2.438290,3.132108,-0.039940,-1.567375,-1.484305,54.253785,54.253785,1,1
-0.712100,3.917250,-1.988700,1.167008,3.157687,1.082445,1.080281,1.776988,1.040406,4.450490,4.592511,-0.975829,-1.288479,-0.057700,32.314876,32.314876,1,1
-1.529750,4.562650,-0.227900,0.633989,1.837176,8.546265,0.796234,1.355425,2.923400,4.817660,5.625230,-0.062697,-0.271166,-0.199666,58.848487,58.848487,1,1
-1.145950,2.835850,2.739700,0.591780,2.695265,4.522467,0.769272,1.641726,2.126609,4.106239,4.677164,-0.361945,-0.140484,0.585978,37.507839,37.507839,1,1
-0.371450,1.350700,2.341850,0.211359,0.149795,2.078637,0.459738,0.387034,1.441748,2.728851,2.805712,-0.021231,0.447408,-0.429048,6.775319,6.775319,1,1
0.148750,1.287100,0.594300,0.192249,0.083157,0.755461,0.438462,0.288370,0.869173,1.425463,1.667823,0.068362,-0.228400,-0.288674,4.095255,4.095255,1,1
0.549500,1.508050,-0.331500,0.848114,0.206872,0.894912,0.920931,0.454832,0.945998,1.638920,1.926378,0.096288,-0.164069,-0.639816,22.153164,22.153164,1,1
0.036550,1.659250,-0.074200,1.375078,0.546030,1.582942,1.172637,0.738938,1.258150,1.661310,2.225454,-0.140062,0.454902,-1.232662,26.153195,26.153195,1,1
-0.541400,2.514700,-0.361850,0.572722,1.283184,2.165948,0.756784,1.132777,1.471716,2.597646,2.995852,0.083961,-0.685166,-0.548510,16.744000,16.744000,1,1
-0.527750,4.380350,-2.063250,1.175918,1.960345,1.295497,1.084398,1.400123,1.138199,4.870625,5.031147,-0.308060,-1.170863,-0.302203,27.912851,27.912851,1,1
-1.330550,4.709750,-0.896900,2.340418,1.934326,7.505552,1.529842,1.390800,2.739626,4.975594,5.870222,0.805306,-2.279004,-2.553109,79.875209,79.875209,1,1
-1.211400,2.934250,2.474000,1.853809,2.113591,6.726700,1.361546,1.453819,2.593588,4.024673,4.890751,-0.411436,-1.926675,0.153461,64.572166,64.572166,1,1
-0.166950,1.663450,2.454100,0.159843,0.235249,3.552240,0.399803,0.485025,1.884739,2.969435,3.091088,-0.149916,0.739388,-0.604419,3.594457,3.594457,1,1
0.629850,1.511950,0.194550,2.100359,0.142794,1.514701,1.449261,0.377881,1.230732,1.649410,2.173889,0.127064,-0.343721,-1.254938,47.841033,47.841033,1,1
0.494550,1.407700,-0.305900,2.558272,0.316550,1.058902,1.599460,0.562628,1.029030,1.523080,2.036755,0.076743,-0.132467,-1.122967,53.498753,53.498753,1,1
-0.102050,2.187800,-0.893000,0.505285,2.503710,1.710449,0.710834,1.582312,1.307841,2.365234,2.610461,0.187060,-1.656095,-0.429662,9.808701,9.808701,1,1
-0.311500,3.905600,-2.116600,0.925234,2.716095,1.032007,0.961891,1.648058,1.015877,4.453172,4.588759,-0.324352,-1.100454,-0.492476,19.520092,19.520092,1,1
-1.408800,4.403000,-0.045500,1.885877,2.117880,11.832071,1.373273,1.455294,3.439778,4.623115,5.821729,-0.011997,-0.729619,-2.978858,75.526020,75.526020,1,1
-1.479950,2.770450,2.910150,1.307556,3.500353,6.639136,1.143484,1.870923,2.576652,4.281894,4.996741,-1.122328,-0.607330,-0.459497,68.648599,68.648599,1,1
-0.558700,1.291600,2.287900,0.248111,0.243486,2.373063,0.498108,0.493443,1.540475,2.686050,2.794717,-0.158316,0.441266,-0.595538,10.957032,10.957032,1,1
0.195900,1.572300,0.258100,1.761710,0.249264,2.365834,1.327294,0.499264,1.538127,1.605341,2.342725,0.215558,-0.507429,-1.726011,34.240032,34.240032,1,1
0.227900,1.787900,-0.449950,1.874883,0.429671,1.644304,1.369264,0.655493,1.282304,1.857681,2.367360,-0.042857,-0.190940,-1.156263,36.661540,36.661540,1,1
-0.130850,2.988450,-1.541950,0.382654,2.423111,1.826604,0.618591,1.556634,1.351519,3.365348,3.501594,0.266563,-1.863149,-0.201413,7.612869,7.612869,1,1
-1.053600,4.748000,-2.140250,1.662647,1.583600,1.265801,1.289437,1.258412,1.125078,5.313591,5.593381,-0.173994,-0.394776,-1.116609,53.791758,53.791758,1,1
-1.222800,3.805250,1.130000,1.935512,3.444384,8.801760,1.391227,1.855905,2.966776,4.153561,5.404372,-0.754569,-4.598898,1.978931,66.679528,66.679528,1,1
-0.134750,1.787300,2.672800,0.867401,0.775503,2.249728,0.931343,0.880627,1.499909,3.218145,3.404223,0.290622,0.539422,-0.369899,16.843761,16.843761,1,1
0.059350,1.258200,0.944150,0.069538,0.054523,0.689404,0.263700,0.233501,0.830304,1.574169,1.733850,0.018151,-0.086703,0.079690,1.391663,1.391663,1,1
0.439850,1.482800,0.039450,2.882800,0.255898,1.034502,1.697881,0.505864,1.017105,1.547165,2.131855,0.044519,-0.204539,-1.169506,58.642551,58.642551,1,1
0.218150,1.816450,-0.632750,3.162579,0.701235,1.320341,1.778364,0.837398,1.149061,1.935834,2.587541,-0.172213,-0.506789,-0.791257,61.040783,61.040783,1,1
-0.044100,3.500450,-1.887400,0.753322,3.188070,1.122121,0.867941,1.785517,1.059302,3.977106,4.089559,-0.005087,-1.401523,-0.485191,14.352014,14.352014,1,1
-0.727900,4.666350,-1.571100,2.075847,1.813434,2.213243,1.440780,1.346638,1.487697,4.977250,5.377416,-0.216475,-0.070986,-1.033724,50.037870,50.037870,1,1
-2.150400,3.294500,2.347100,1.487922,3.773196,9.640293,1.219804,1.942472,3.104882,4.581138,5.603888,0.038962,-2.465154,-1.577317,120.754912,120.754912,1,1
-1.592150,1.578150,3.189150,1.890755,1.784380,4.947390,1.375047,1.335807,2.224273,3.898227,4.004781,-1.021297,1.802540,-2.779437,86.623169,86.623169,1,1
-0.305900,1.158400,0.858800,0.138395,0.055506,0.299295,0.372015,0.235597,0.547079,1.474111,1.601019,0.080183,-0.113606,-0.173676,4.501006,4.501006,1,1
0.295900,1.748800,-0.033250,0.617973,0.549343,0.724029,0.786112,0.741176,0.850899,1.773968,2.069871,0.062745,-0.132538,-0.415993,13.492614,13.492614,1,1
0.059400,1.683050,-0.270500,0.859798,0.792952,0.603875,0.927253,0.890479,0.777094,1.705683,2.035675,0.139251,-0.150715,-0.349426,16.406732,16.406732,1,1
-0.336150,2.777000,-1.366600,0.386668,3.213444,2.263432,0.621826,1.792608,1.504471,3.113249,3.279487,0.545713,-2.650751,-0.450208,9.606621,9.606621,1,1
-0.980250,4.770450,-2.164650,1.238011,1.431006,1.266217,1.112660,1.196247,1.125263,5.329521,5.529050,-0.021101,-0.519003,-0.949050,42.740019,42.740019,1,1
-1.142400,4.359700,1.351900,2.403895,2.484047,13.176719,1.550450,1.576086,3.629975,4.705284,6.112920,0.349828,-3.247395,1.319607,71.775568,71.775568,1,1
-0.312900,2.421450,3.147750,1.823646,2.267711,5.007585,1.350424,1.505892,2.237763,3.983674,4.384789,0.721145,1.283706,-0.600324,36.607408,36.607408,1,1
-0.028350,1.381900,1.281850,0.077817,0.063548,0.848988,0.278957,0.252088,0.921406,1.885097,1.996394,0.044637,0.059757,0.011726,1.494593,1.494593,1,1
0.331600,1.630550,0.071900,2.369361,0.395508,2.177924,1.539273,0.628895,1.475779,1.665479,2.270479,0.298093,-0.690688,-1.712056,47.217034,47.217034,1,1
0.167450,1.535950,-0.566050,3.004284,0.780549,1.975137,1.733287,0.883487,1.405396,1.645477,2.351972,0.070171,-0.572435,-1.347249,57.642179,57.642179,1,1
-0.162050,3.065400,-2.082650,0.847773,4.164210,2.585524,0.920746,2.040640,1.607956,3.709497,3.917628,0.091648,-2.982837,-0.187410,16.632893,16.632893,1,1
-1.089150,4.934900,-2.091100,1.609240,1.491054,4.135417,1.268558,1.221087,2.033573,5.469203,5.928518,0.098353,-0.563182,-1.457251,54.300519,54.300519,1,1
-2.332400,3.792450,2.144300,0.611360,4.436183,10.475938,0.781895,2.106225,3.236655,4.941739,6.044451,-0.276379,-3.580191,-0.570665,120.417644,120.417644,1,1
-1.601600,1.754000,3.245150,1.367531,2.569610,3.689284,1.169415,1.603000,1.920751,4.021522,4.133071,-1.342939,1.906248,-1.990317,77.285534,77.285534,1,1
-0.356000,1.110600,1.002950,0.153089,0.085658,0.458813,0.391266,0.292674,0.677357,1.538206,1.679488,0.077029,-0.116058,-0.250796,5.443416,5.443416,1,1
0.320700,1.507050,-0.147850,0.689806,0.137340,1.257037,0.830546,0.370594,1.121177,1.547872,1.892921,0.134848,-0.354528,-0.687350,15.163288,15.163288,1,1
0.260400,1.650300,-0.482750,0.925808,0.427799,1.020881,0.962189,0.654064,1.010387,1.739065,2.083213,0.041188,-0.106447,-0.520100,18.946520,18.946520,1,1
-0.428400,2.801200,-1.190100,0.817424,2.505210,1.847608,0.904115,1.582786,1.359267,3.073530,3.313306,0.198600,-1.792529,-0.218903,19.201590,19.201590,1,1
-1.308250,4.551250,-2.377300,1.297499,1.634367,1.396836,1.139078,1.278423,1.181878,5.298769,5.507874,-0.046026,-0.820032,-0.832037,58.882833,58.882833,1,1
-2.018150,4.472850,0.277700,1.269784,2.573906,13.365169,1.126847,1.604340,3.655840,4.914920,6.222810,0.185850,-2.922965,-1.336046,105.584475,105.584475,1,1
-1.537050,2.650150,2.951650,1.308164,3.170195,4.762724,1.143750,1.780504,2.182367,4.254181,4.780152,-0.419454,-0.497547,-0.871483,72.105573,72.105573,1,1
-0.635550,1.477100,1.825500,0.169436,0.180309,1.535489,0.411626,0.424628,1.239149,2.432735,2.543980,-0.061619,0.237567,-0.468018,11.297763,11.297763,1,1
-0.170200,1.611300,0.158950,2.221495,0.451911,2.481139,1.490468,0.672243,1.575163,1.628042,2.366801,0.069291,-0.756249,-1.327877,42.787770,42.787770,1,1
-0.146350,1.548200,-0.449300,3.022229,0.714420,2.029383,1.738456,0.845234,1.424564,1.618707,2.409531,-0.061108,-0.576782,-1.312288,57.850721,57.850721,1,1
-0.544750,2.638250,-1.242650,1.291873,2.858200,1.656930,1.136606,1.690621,1.287218,2.966698,3.288113,0.036256,-1.907335,-0.328385,30.480635,30.480635,1,1
-1.427150,4.564650,-2.328950,1.243556,1.910023,1.291501,1.115148,1.382036,1.136442,5.319473,5.497850,-0.198884,-0.980385,-0.707182,64.362699,64.362699,1,1
-1.835450,4.457050,0.774950,2.030459,2.379086,17.539094,1.424942,1.542429,4.187970,4.882081,6.436341,-0.603382,-3.151181,-0.869903,105.956253,105.956253,1,1
-1.172100,2.634550,3.461900,1.941886,2.508413,6.910445,1.393516,1.583797,2.628773,4.505488,4.967684,-0.788924,0.552590,-1.917033,64.372206,64.372206,1,1
-0.362500,1.478900,1.758200,0.343587,0.131165,2.239993,0.586163,0.362167,1.496661,2.325902,2.461527,-0.163207,0.433474,-0.822934,9.156276,9.156276,1,1
0.457300,1.514100,0.085050,1.937904,0.128352,1.123857,1.392086,0.358263,1.060121,1.583937,2.010614,0.281613,-0.337169,-1.113644,41.002644,41.002644,1,1
0.355550,1.532800,-0.450300,2.237910,0.418437,1.023852,1.495965,0.646867,1.011856,1.636662,2.121211,0.233769,-0.208714,-0.943305,45.048605,45.048605,1,1
0.160750,2.301300,-1.348350,0.580974,1.281095,1.296095,0.762216,1.131855,1.138462,2.672054,2.905109,0.278087,-0.914458,-0.480516,11.555311,11.555311,2,1
-0.169350,4.506800,-0.429700,1.057558,3.674242,6.611219,1.028376,1.916831,2.571229,4.530405,5.258795,-1.506152,4.082388,-1.523382,20.667185,20.667185,2,1
-0.201800,3.663800,2.466900,1.620725,6.982889,4.324275,1.273077,2.642516,2.079489,4.421510,5.267203,-1.680691,-0.587200,1.000984,31.608238,31.608238,2,1
0.435750,0.994450,2.487950,0.916232,0.641190,1.494636,0.957200,0.800743,1.222553,2.714536,2.847352,0.361664,0.728688,0.526992,21.205971,21.205971,2,1
0.159650,0.688350,1.044950,0.152355,0.047007,0.302808,0.390327,0.216811,0.550280,1.261441,1.375142,-0.060635,-0.095811,0.183786,3.404509,3.404509,2,1
0.133450,1.175250,0.436700,0.761880,0.614411,0.599534,0.872857,0.783844,0.774296,1.260844,1.582622,0.280660,-0.340956,0.048855,14.831897,14.831897,2,1
-0.036900,1.191950,0.353300,1.089872,0.805037,0.606885,1.043969,0.897239,0.779029,1.243755,1.735797,0.294143,-0.266599,0.069292,20.734798,20.734798,2,1
-0.667300,1.478150,0.411700,0.652223,0.902315,0.217332,0.807603,0.949902,0.466188,1.673234,1.925617,-0.182771,-0.017343,-0.164028,21.298016,21.298016,2,1
-0.114200,2.547850,-1.012950,1.256670,0.818615,2.637148,1.121013,0.904773,1.623930,2.744203,3.262906,0.281770,-0.868606,-1.413015,24.137556,24.137556,2,1
-0.323850,4.276350,-1.149550,1.343707,3.283661,4.850211,1.159184,1.812088,2.202319,4.439990,5.102129,-1.304203,3.505285,-1.168999,27.628009,27.628009,2,1
-0.607250,3.672850,1.982550,1.421708,5.612112,7.186546,1.192354,2.368990,2.680773,4.217711,5.356875,-0.615914,-1.604183,1.769774,34.387497,34.387497,2,1
0.100550,1.559500,2.656500,0.875394,0.677036,2.488896,0.935625,0.822822,1.577623,3.082068,3.287802,0.631868,0.433409,0.050954,16.834701,16.834701,2,1
0.422100,1.024350,0.959350,0.203364,0.134641,0.767616,0.450959,0.366934,0.876137,1.465542,1.695373,-0.134410,0.100968,-0.261614,7.427290,7.427290,2,1
0.523050,1.303150,0.601850,0.580877,1.823494,1.216750,0.762153,1.350368,1.103064,1.527745,2.017722,0.506894,0.346790,0.275951,16.508291,16.508291,2,1
-0.158750,1.462650,0.553700,0.741251,1.620204,0.977599,0.860959,1.272872,0.988736,1.571983,1.978420,0.828984,0.415910,0.389663,14.587795,14.587795,2,1
-0.308100,1.839950,-0.564950,0.284921,0.983258,1.764678,0.533780,0.991594,1.328412,1.949233,2.259321,0.360835,-1.301517,-0.498681,7.312008,7.312008,2,1
-0.471050,4.143000,-0.133350,1.020958,5.321971,4.746619,1.010425,2.306940,2.178674,4.171824,4.805683,-1.179899,1.934953,-0.615164,23.835961,23.835961,2,1
-0.286750,3.652300,2.693650,2.227851,7.504461,4.790476,1.492599,2.739427,2.188716,4.547227,5.582902,-1.256031,-2.557430,1.572678,43.973679,43.973679,2,1
0.309150,1.441100,2.645800,1.171340,0.770193,3.087515,1.082285,0.877606,1.757133,3.028630,3.251352,0.706196,0.632040,0.397845,24.166933,24.166933,2,1
0.641800,1.650100,1.045700,1.165076,1.331327,1.738908,1.079387,1.153831,1.318677,2.056265,2.442146,-0.033796,0.673035,-1.197958,30.374596,30.374596,2,1
0.385000,1.396800,0.620700,1.527903,1.881325,1.788215,1.236084,1.371614,1.337242,1.576244,2.147039,0.165086,0.891154,-0.888875,31.994656,31.994656,2,1
-0.258750,1.492550,-0.026050,0.221904,1.152850,0.434072,0.471066,1.073709,0.658842,1.515037,1.786998,-0.034807,-0.412540,-0.097482,5.555199,5.555199,2,1
-0.095950,2.955900,-1.644800,0.372329,1.024030,2.215393,0.610188,1.011944,1.488420,3.384068,3.612243,0.067082,-1.192484,-0.394843,7.258377,7.258377,2,1
-0.277950,4.360200,-0.097200,1.783969,4.062922,11.545490,1.335653,2.015669,3.397866,4.370131,5.730029,-0.772877,0.944892,-0.106446,35.440541,35.440541,2,1
-0.486850,3.467550,3.369600,1.885713,6.093666,3.961318,1.373213,2.468535,1.990306,4.859540,5.606313,-0.630123,-2.057885,0.875573,40.569011,40.569011,2,1
0.186500,1.414250,2.523500,0.744751,0.457895,2.983770,0.862990,0.676680,1.727359,2.898782,3.090067,-0.280090,0.815953,-1.012045,14.845922,14.845922,2,1
0.679400,1.120300,0.663500,0.835486,0.680219,1.169970,0.914049,0.824754,1.081651,1.468635,1.983166,-0.433417,-0.512234,0.591623,25.105920,25.105920,2,1
0.007750,1.069050,0.323800,1.898656,0.874705,1.038858,1.377917,0.935256,1.019244,1.117038,1.985183,-0.254298,-0.460162,0.463680,36.075673,36.075673,2,1
-0.299950,1.381950,-0.084800,0.890367,0.810158,0.597135,0.943592,0.900088,0.772745,1.416668,1.914014,0.300095,-0.441507,-0.413845,18.716365,18.716365,2,1
-0.017100,2.792950,-1.528750,0.350433,1.267618,1.350342,0.591974,1.125886,1.162042,3.184013,3.350617,-0.116086,-0.958080,-0.178132,6.664078,6.664078,2,1
-0.102650,4.207850,-0.438850,1.617963,4.474740,6.173433,1.271992,2.115358,2.484639,4.231918,5.180054,-0.800977,0.429858,0.513287,30.952029,30.952029,2,1
0.324750,3.266350,2.533050,2.579337,6.344928,3.529554,1.606032,2.518914,1.878711,4.146185,5.014392,-1.441214,-2.245814,1.341957,51.116661,51.116661,2,1
0.653050,1.448700,2.120400,0.985323,0.238337,2.871859,0.992634,0.488197,1.694656,2.649774,2.828841,-0.075898,0.549942,0.439161,27.250623,27.250623,2,1
0.788800,1.228150,0.293100,0.963781,0.266233,1.103522,0.981724,0.515977,1.050486,1.488780,1.765441,0.467182,-0.435227,-0.874897,30.755952,30.755952,2,1
0.331800,1.339500,0.313550,1.701345,0.724012,1.547228,1.304356,0.850889,1.243876,1.415156,1.922370,0.182634,0.003508,-1.377339,34.527374,34.527374,2,1
-0.376500,1.934550,0.451600,0.774412,1.325536,0.936827,0.880007,1.151319,0.967898,2.021924,2.295212,-0.177039,0.061442,-0.580106,17.548868,17.548868,2,1
-0.058250,3.091800,-1.245050,0.909195,1.143501,2.251070,0.953517,1.069346,1.500357,3.333582,3.674656,0.227971,-1.046593,-0.731446,17.342561,17.342561,2,1
-0.149600,4.154400,-1.428450,1.122890,3.205309,2.664287,1.059665,1.790338,1.632264,4.395667,4.909462,-0.876632,0.068655,-0.166982,21.782510,21.782510,2,1
-0.083100,3.213400,2.149850,2.018091,5.190204,7.909063,1.420595,2.278202,2.812306,3.867131,5.228920,-1.352680,-3.895652,1.350296,38.481834,38.481834,2,1
0.528700,1.532950,3.070450,1.237510,0.596157,2.979516,1.112434,0.772112,1.726127,3.472337,3.694789,-0.111956,0.680067,-0.444941,29.103156,29.103156,2,1
0.941750,1.492450,1.116050,0.914170,2.837553,2.143832,0.956122,1.684504,1.464183,2.088030,2.695985,0.648061,0.924794,-0.776417,35.107093,35.107093,2,1
0.342250,1.389950,0.534250,1.596635,3.069513,1.898016,1.263580,1.752003,1.377685,1.527913,2.310459,0.935366,1.077181,-0.421944,32.678761,32.678761,2,1
-0.088550,1.679450,-0.269600,0.528151,1.034432,1.161196,0.726740,1.017070,1.077588,1.703255,2.094279,0.444617,-0.612407,-0.634470,10.191691,10.191691,2,1
0.055500,3.142250,-1.765100,0.801463,1.436671,1.522974,0.895245,1.198612,1.234088,3.604496,3.844249,-0.302681,-0.922551,-0.265495,15.289410,15.289410,2,1
0.134550,3.918250,-0.198100,2.512868,3.578728,8.880043,1.585203,1.891753,2.979940,3.925561,5.276214,-1.162311,-1.571855,1.940525,48.106575,48.106575,2,1
0.433600,2.802650,2.873450,2.778584,4.541240,3.955259,1.666909,2.131018,1.988783,4.037273,4.927042,-0.948849,-2.321598,0.654977,56.553276,56.553276,2,1
0.752900,1.329750,2.249600,0.988979,0.426390,2.637418,0.994474,0.652985,1.624013,2.719521,2.995785,-0.301817,0.571027,-1.001716,30.127770,30.127770,2,1
0.823250,1.301850,0.654450,2.266777,1.022395,2.241756,1.505582,1.011135,1.497249,1.673577,2.461179,-0.141519,-0.335219,1.466145,56.623573,56.623573,2,1
-0.014700,1.221450,0.336550,2.889200,1.678414,2.168964,1.699765,1.295536,1.472740,1.267053,2.394360,0.103068,-0.124322,1.330787,54.899116,54.899116,2,1
-0.208650,1.688950,-0.573450,0.748693,2.351350,1.899400,0.865270,1.533411,1.378187,1.795810,2.441248,0.494721,-1.636559,-0.707859,15.095857,15.095857,2,1
-0.234600,3.852000,-1.369150,0.492371,4.509600,2.827684,0.701691,2.123582,1.681572,4.094815,4.492218,-0.599464,1.153047,-0.717918,10.455786,10.455786,2,1
-0.043650,3.743800,1.149000,2.770994,5.468191,9.816708,1.664630,2.338416,3.133163,3.916394,5.467800,-0.836961,-1.739345,1.416954,52.686985,52.686985,2,1
0.473600,1.819550,2.961500,2.425938,1.838767,2.694835,1.557542,1.356012,1.641595,3.507926,3.994758,0.365481,0.053137,0.468159,50.578754,50.578754,2,1
0.449500,1.013850,1.510600,0.139379,0.094095,1.228354,0.373335,0.306749,1.108312,1.873994,1.970084,-0.048877,0.118623,0.097882,6.689204,6.689204,2,1
0.554350,1.296500,0.677600,1.762638,2.224274,1.947007,1.327644,1.491400,1.395352,1.564403,2.105236,0.214986,0.857948,-1.427383,39.636191,39.636191,2,1
0.024300,1.494800,0.542750,2.168252,2.088899,1.983457,1.472499,1.445302,1.408353,1.590470,2.241374,0.351029,0.900600,-1.322946,41.208604,41.208604,2,1
-0.108550,2.002600,-0.756100,0.510519,1.338065,2.856175,0.714506,1.156748,1.690022,2.143333,2.537931,0.723504,-1.895944,-1.069665,9.935523,9.935523,2,1
-0.324050,4.150350,-1.342200,1.027033,4.248002,3.708310,1.013426,2.061068,1.925697,4.374004,4.874451,-1.272017,1.473699,-1.414135,21.613793,21.613793,2,1
-0.325350,3.863750,1.790600,2.248252,5.416007,10.242055,1.499417,2.327232,3.200321,4.270909,5.746885,-1.335367,-2.553953,1.391583,44.833847,44.833847,2,1
0.395050,1.718550,3.346350,1.516672,1.197992,2.952759,1.231532,1.094528,1.718359,3.782530,4.064411,0.422848,0.745269,0.019262,31.938063,31.938063,2,1
0.387250,1.056950,1.471150,0.057934,0.073166,1.331915,0.240695,0.270492,1.154086,1.852401,1.961096,-0.028911,0.085400,0.047069,4.100001,4.100001,2,1
0.484850,1.402900,0.634350,1.719203,1.884613,2.019328,1.311184,1.372812,1.421031,1.614190,2.141448,0.330587,0.679496,-1.462567,37.366451,37.366451,2,1
0.026650,1.535250,0.489800,2.057059,1.789729,2.016912,1.434245,1.337808,1.420180,1.611709,2.216765,0.482705,0.745329,-1.345507,39.098317,39.098317,2,1
-0.057150,2.070650,-0.761700,0.362860,1.258349,1.740923,0.602378,1.121762,1.319440,2.207044,2.482162,0.416319,-1.308589,-0.534792,6.959657,6.959657,2,1
-0.485350,4.079100,-1.551700,1.061171,3.022494,2.188846,1.030132,1.738532,1.479475,4.391172,4.754327,-1.100087,1.518069,-0.255022,24.873547,24.873547,2,1
-0.439850,4.023450,1.459200,3.471617,5.660647,10.360605,1.863228,2.379211,3.218789,4.302428,5.886666,-0.553803,-1.668038,3.024317,69.830083,69.830083,2,1
0.652400,2.261150,3.087500,2.541524,3.293266,2.730395,1.594216,1.814736,1.652391,3.882149,4.356842,0.473453,0.827110,0.270637,56.801468,56.801468,2,1
0.866600,1.333500,1.349800,0.130516,0.186985,0.954264,0.361270,0.432418,0.976864,2.085948,2.198938,-0.091936,0.196159,0.089493,17.499722,17.499722,2,1
0.824350,1.521550,0.452300,0.663653,1.272266,3.418454,0.814649,1.127948,1.848906,1.788643,2.383161,0.215535,-0.757384,0.107485,26.200471,26.200471,2,1
0.105900,1.524350,0.221100,1.101014,1.405288,3.346335,1.049292,1.185449,1.829299,1.543937,2.232758,0.479846,-0.655471,0.077306,21.143562,21.143562,2,1
-0.455750,1.783800,0.242050,0.505215,1.075424,0.510514,0.710785,1.037027,0.714503,1.856943,2.115986,0.108945,-0.062177,-0.368755,13.753241,13.753241,3,1
-0.023600,3.332150,-1.321600,1.008947,1.299586,3.354782,1.004463,1.139994,1.831606,3.584746,4.050014,0.441735,-1.605835,-0.976251,19.181130,19.181130,3,1
0.130250,4.541450,-1.689950,1.112786,1.990037,4.915941,1.054887,1.410687,2.217192,4.847439,5.380203,-0.920438,-0.411189,0.746276,21.482229,21.482229,3,1
0.535550,3.764550,2.799600,1.461121,4.332463,15.725703,1.208768,2.081457,3.965565,4.721908,6.247032,-1.343667,-4.330684,3.098903,33.497579,33.497579,3,1
0.754900,1.937800,3.679650,0.676100,1.832028,7.454368,0.822253,1.353524,2.730269,4.226673,4.381954,0.531412,2.202899,1.006733,24.243376,24.243376,3,1
0.419350,1.581000,0.973650,1.924174,0.722482,2.948869,1.387146,0.849989,1.717227,1.903526,2.522720,-0.482520,0.516180,-2.105064,40.076393,40.076393,3,1
0.611350,1.742500,-0.319550,2.164572,2.023569,4.961171,1.471248,1.422522,2.227369,1.874078,2.951112,-0.500588,-0.469147,-2.583484,48.601835,48.601835,3,1
0.047500,3.639900,-1.938550,1.297905,5.931451,1.830580,1.139256,2.435457,1.352989,4.124210,4.536611,-1.342020,-2.536559,-0.128920,24.705318,24.705318,3,1
-0.149950,4.849500,1.122850,2.386631,2.875019,19.672702,1.544873,1.695588,4.435392,4.980053,6.701425,-1.549321,-2.642885,2.084743,45.795691,45.795691,3,1
1.195550,2.913600,4.099900,2.627055,3.582105,6.849619,1.620819,1.892645,2.617178,5.169873,5.758486,-2.132177,1.862528,-0.005194,78.500849,78.500849,3,1
1.283500,1.423850,1.626050,1.139134,0.936238,6.414760,1.067302,0.967594,2.532738,2.513714,3.239425,0.111110,0.113420,2.119730,54.590986,54.590986,3,1
0.216100,1.082150,0.409150,0.997751,1.261365,3.136911,0.998875,1.123105,1.771133,1.176925,2.124561,-0.472053,-0.417022,0.131855,19.891254,19.891254,3,1
0.068750,1.418450,0.104800,0.765387,1.121407,2.253063,0.874864,1.058965,1.501021,1.423977,2.166779,0.001078,-0.144720,-0.595621,14.636891,14.636891,3,1
0.156600,3.489650,-1.905300,0.505800,3.798362,2.118003,0.711196,1.948939,1.455336,3.978988,4.135718,-0.035733,-2.495368,-0.277030,10.100666,10.100666,3,1
0.188600,5.020850,-0.179150,1.202528,1.822205,15.873171,1.096598,1.349891,3.984115,5.027584,6.313116,-0.668494,0.070051,0.565213,23.559430,23.559430,3,1
0.596100,3.081700,3.966300,1.172716,4.603109,10.507875,1.082920,2.145486,3.241585,5.058038,6.018359,-1.092584,-1.745543,0.915184,29.388312,29.388312,3,1
0.692900,1.361000,3.206800,0.345200,0.025798,6.272495,0.587537,0.160617,2.504495,3.551901,3.759705,0.016204,-0.122389,0.500485,16.161004,16.161004,3,1
1.067900,1.852800,0.565200,1.428392,0.659210,2.477075,1.195153,0.811918,1.573873,2.211951,2.730444,0.552406,-0.249514,-1.273435,49.947648,49.947648,3,1
1.215900,1.941000,-0.697150,1.773485,1.403508,3.728022,1.331723,1.184698,1.930809,2.394141,3.034157,1.032092,-0.541113,-1.349613,63.264476,63.264476,3,1
0.534400,3.628300,-1.897750,1.037023,6.120039,2.282185,1.018343,2.473871,1.510690,4.129358,4.458323,0.079748,-2.245030,-1.178389,25.415100,25.415100,3,1
1.191650,4.825200,0.791800,3.052800,3.233052,15.842985,1.747226,1.798069,3.980325,5.032845,6.479924,-0.910939,-2.497438,4.586753,86.403801,86.403801,3,1
2.246600,2.433000,3.726650,2.723442,4.083296,5.498833,1.650285,2.020717,2.344959,4.985441,5.479326,-0.290077,1.243128,2.887867,152.689628,152.689628,3,1
1.365100,1.071750,2.223600,2.045740,0.064114,2.714832,1.430294,0.253207,1.647675,2.820734,3.004337,-0.093506,-0.152383,2.231915,76.139012,76.139012,3,1
0.408300,1.489350,0.535850,0.504464,0.768857,2.883967,0.710256,0.876845,1.698225,1.634628,2.252365,-0.357365,-1.114675,-0.032746,12.918988,12.918988,3,1
0.259200,1.497950,0.372400,0.736894,1.539662,3.115022,0.858425,1.240831,1.764942,1.565158,2.331865,-0.560917,-0.580429,-0.093101,15.344682,15.344682,3,1
-0.148550,1.644800,0.635500,0.549830,1.253392,0.909825,0.741505,1.119550,0.953848,1.769546,2.178037,-0.080620,0.280717,-0.385449,10.888111,10.888111,3,1
0.691550,2.796700,-1.173000,1.799372,1.747533,4.486086,1.341407,1.321943,2.118038,3.110579,3.754290,1.235900,-2.098608,-2.706399,43.752897,43.752897,3,1
0.972400,4.177000,-2.039800,1.383267,3.693458,2.239623,1.176124,1.921837,1.496537,4.749071,5.103916,-0.921182,-0.903099,-1.002544,45.193314,45.193314,3,1
0.815750,4.233050,2.447850,1.899310,4.840133,16.461279,1.378155,2.200030,4.057250,4.957432,6.475784,-0.625421,-3.767943,2.898480,49.395849,49.395849,3,1
0.939600,2.505500,4.360350,1.500506,3.523636,5.886488,1.224951,1.877135,2.426209,5.115958,5.430011,0.863785,1.261470,1.670936,46.166578,46.166578,3,1
0.467550,1.326250,1.787500,0.240907,0.084485,1.584856,0.490822,0.290663,1.258911,2.274357,2.420829,-0.111243,-0.083388,0.310663,8.949285,8.949285,3,1
0.757200,1.477950,0.697950,1.911465,1.355525,2.086788,1.382557,1.164270,1.444572,1.801339,2.457552,0.588517,0.293605,-0.283831,47.784876,47.784876,3,1
0.849950,2.004300,-0.329050,2.598487,2.008849,4.134510,1.611982,1.417339,2.033349,2.201796,3.130455,1.026669,-0.784739,-1.037664,63.819559,63.819559,3,1
0.788200,3.824700,-2.255200,1.085062,3.312167,3.149737,1.041663,1.819936,1.774750,4.509492,4.750315,0.733986,-2.581014,-1.330155,33.041366,33.041366,3,1
0.827100,3.968650,0.067750,1.553957,3.520754,16.760606,1.246578,1.876367,4.093972,4.054487,5.957710,0.065509,-6.172768,-1.017656,43.207078,43.207078,3,1
1.136150,2.132250,3.685700,1.632038,1.874916,5.683248,1.277512,1.369276,2.383956,4.407007,5.021097,-0.285123,-0.830331,-0.347135,56.825453,56.825453,3,1
1.356250,1.305650,2.339950,1.509963,1.773500,4.514012,1.228806,1.331728,2.124620,3.003249,3.645895,-0.464595,1.120855,0.125520,65.477585,65.477585,3,1
0.364300,0.891750,0.600900,2.087823,1.606658,0.607743,1.444930,1.267540,0.779578,1.135347,2.061461,-0.326058,0.163196,0.005841,42.322930,42.322930,3,1
0.359250,1.572450,-0.746950,1.771452,1.880492,4.003952,1.330959,1.371310,2.000988,1.777525,2.457224,1.667436,-2.293208,-2.350940,36.238801,36.238801,3,1
0.702200,3.753650,-2.210950,1.449206,4.137161,3.433527,1.203830,2.034001,1.852978,4.412627,4.687789,0.353499,-2.570807,-1.767891,37.396606,37.396606,3,1
1.177000,3.968250,1.077150,2.438691,3.362562,18.483659,1.561631,1.833729,4.299263,4.276984,6.139522,-1.095802,-4.613484,3.152269,74.041716,74.041716,3,1
1.711150,1.903050,3.845900,1.930671,1.589569,5.253127,1.389486,1.260781,2.291970,4.619587,4.971280,0.238053,1.235993,0.788444,95.243429,95.243429,3,1
1.011850,1.169100,1.904700,0.576193,0.034078,1.989099,0.759074,0.184603,1.410354,2.453267,2.621057,-0.090177,-0.225686,0.701918,31.424469,31.424469,3,1
0.552600,1.630650,0.508150,0.387469,1.826508,2.437471,0.622470,1.351484,1.561240,1.795161,2.399174,-0.332993,-0.100274,-0.160672,13.469252,13.469252,3,1
0.330150,2.109250,-0.233200,0.627711,2.472228,3.244359,0.792282,1.572332,1.801210,2.147631,2.845706,-0.065733,-0.685065,-0.485267,14.106481,14.106481,3,1
0.878100,3.523150,-2.162700,1.218664,2.973973,3.387174,1.103931,1.724521,1.840428,4.226218,4.491612,0.775903,-2.449377,-1.533814,38.575802,38.575802,3,1
1.950650,3.432750,-0.762150,3.067330,3.148215,12.859640,1.751379,1.774321,3.586034,4.021154,5.591087,-0.747013,-3.985162,2.491497,134.379973,134.379973,3,1
1.876650,1.615150,3.072100,2.995573,0.957373,5.630112,1.730772,0.978454,2.372786,3.945671,4.657699,0.274032,-0.382534,0.663523,127.352189,127.352189,3,1
0.877450,1.203100,2.570550,0.785187,0.087365,3.202870,0.886108,0.295575,1.789656,2.970706,3.173840,-0.221663,0.015509,0.582727,30.316931,30.316931,3,1
0.788600,1.535550,0.935450,2.201164,1.642610,1.421309,1.483632,1.281643,1.192187,1.963382,2.536049,1.276576,0.628171,0.508511,54.259916,54.259916,3,1
0.489550,1.643600,0.349600,2.425395,1.962061,1.572758,1.557368,1.400736,1.254096,1.750229,2.404491,1.348530,0.629030,0.845507,50.875687,50.875687,3,1
0.845700,2.551550,-1.702600,1.864833,1.734360,3.471147,1.365589,1.316951,1.863102,3.181896,3.504993,1.287734,-2.140540,-2.259045,49.736002,49.736002,3,1
1.703700,3.542650,-2.384050,2.629412,2.076564,3.639878,1.621546,1.441029,1.907846,4.597462,5.175113,-0.510249,-1.658738,-1.023038,108.010706,108.010706,3,1
1.579750,3.349700,2.055300,2.559714,3.126323,15.772904,1.599911,1.768141,3.971512,4.235606,5.835354,-0.163732,-1.324305,-0.086391,98.546767,98.546767,3,1
1.340950,2.327600,3.414300,1.023211,2.089355,5.839584,1.011539,1.445460,2.416523,4.344343,4.519722,0.808581,2.579791,0.844858,55.403945,55.403945,3,1
1.339300,1.756200,0.834550,1.700597,0.944791,4.067324,1.304070,0.972003,2.016761,2.361024,2.996682,0.007746,0.718190,-1.375235,68.185840,68.185840,3,1
0.820500,1.615100,0.074550,2.081578,1.593610,3.927928,1.442767,1.262383,1.981900,1.813098,2.606116,0.207601,0.886136,-1.068056,53.014380,53.014380,3,1
0.293050,2.708750,-1.750500,0.745537,3.957655,2.863959,0.863445,1.989386,1.692324,3.238434,3.540919,0.100794,-2.935058,-0.482533,15.882777,15.882777,3,1
0.065250,4.886150,-1.531050,1.537048,1.998487,8.612906,1.239777,1.413678,2.934775,5.120824,5.947036,-0.836149,1.090178,0.444218,29.289067,29.289067,3,1
0.146650,4.420900,2.945900,1.619983,2.591254,14.605447,1.272785,1.609737,3.821707,5.314526,6.539661,-1.229999,-2.334727,2.652972,31.209799,31.209799,3,1
0.866250,2.290300,3.447950,0.711883,1.851984,6.948318,0.843732,1.360876,2.635966,4.228974,4.417185,-0.519048,3.038822,-0.746737,28.533563,28.533563,3,1
0.992000,1.624200,0.861550,1.547846,2.932837,2.651940,1.244125,1.712553,1.628478,2.089105,2.702111,1.527769,1.064773,0.605962,49.090358,49.090358,3,1
0.953300,3.026750,-1.234650,2.064618,5.047197,6.336432,1.436878,2.246597,2.517227,3.405049,4.312233,1.297094,-1.472138,0.457680,57.403364,57.403364,3,1
0.070150,4.452500,-2.141200,2.000064,2.539077,3.368357,1.414236,1.593448,1.835309,4.941094,5.394418,-1.080655,-1.000003,-0.919438,38.099633,38.099633,3,1
0.315250,4.177750,2.269100,2.497186,3.150721,16.610958,1.580249,1.775027,4.075654,4.764640,6.363485,-1.633782,-2.986424,3.696542,49.434185,49.434185,3,1
0.945850,2.390200,3.731900,1.379184,2.914129,6.103914,1.174386,1.707082,2.470610,4.531530,4.751959,0.321565,2.753465,0.863244,44.097131,44.097131,3,1
0.441350,1.440250,1.247750,1.690275,0.253269,2.358673,1.300106,0.503259,1.535797,1.956014,2.557552,-0.067587,0.250427,-1.132713,36.011015,36.011015,3,1
0.174050,1.448300,0.346250,1.409485,0.846340,2.778028,1.187218,0.919967,1.666742,1.499252,2.309439,-0.070074,0.193468,-1.262659,27.386091,27.386091,3,1
-0.361150,2.303000,-1.568400,0.516957,1.892123,2.391308,0.718997,1.375545,1.546385,2.809647,3.161476,-0.224766,-1.487301,0.615893,12.430763,12.430763,4,1
-1.546800,4.495150,-0.746450,2.019132,3.165389,7.058928,1.420962,1.779154,2.656864,4.812084,5.652054,-1.914984,2.669888,-1.234533,86.215316,86.215316,4,1
-1.679400,4.239600,2.604500,2.195905,4.008538,3.845755,1.481858,2.002133,1.961060,5.251477,5.818914,-2.260518,-1.615635,1.057534,98.129874,98.129874,4,1
-0.487750,2.120100,2.604300,0.808308,0.832012,1.956108,0.899060,0.912147,1.398609,3.393391,3.461248,-0.597098,1.189868,-1.027865,20.115857,20.115857,4,1
0.402000,1.493700,0.643250,0.777515,0.172191,1.890734,0.881768,0.414959,1.375040,1.675265,2.134903,0.263458,-0.375994,-1.103247,18.004868,18.004868,4,1
0.313550,1.547250,-0.045850,1.167007,0.451993,1.796666,1.080281,0.672304,1.340398,1.579366,2.109057,0.253295,-0.329850,-0.963075,24.139413,24.139413,4,1
-0.501350,2.365200,-1.370550,0.607631,1.074851,2.824500,0.779507,1.036750,1.680625,2.779196,3.178124,-0.344838,-1.104900,0.331329,16.572019,16.572019,4,1
-1.919750,4.201750,-0.448000,2.324252,3.633285,7.600074,1.524550,1.906118,2.756823,4.641212,5.554541,-2.478005,1.922731,-2.697403,117.869595,117.869595,4,1
-2.188600,3.613250,2.707150,2.069811,5.253500,2.857687,1.438684,2.292051,1.690469,5.017390,5.535777,-2.720442,-1.909288,0.336525,135.125806,135.125806,4,1
-0.726900,1.651600,2.346500,0.915379,0.195830,1.916952,0.956754,0.442527,1.384540,2.960106,3.050036,-0.345846,0.582553,-1.190830,27.959870,27.959870,4,1
0.150150,1.484550,0.703850,0.637139,0.304731,1.206877,0.798210,0.552025,1.098579,1.649800,1.995907,-0.013896,-0.002781,-0.845217,12.556535,12.556535,4,1
-0.009750,1.690650,0.081300,0.996934,0.777006,1.543902,0.998466,0.881480,1.242538,1.692632,2.202735,-0.042255,-0.092903,-0.607932,18.943655,18.943655,4,1
-0.602950,2.771300,-1.594500,0.780514,1.928003,3.250605,0.883467,1.388526,1.802943,3.253626,3.663373,-0.459142,-1.650162,0.144576,22.100741,22.100741,4,1
-1.728900,4.365650,-1.035200,2.790750,2.904723,6.349317,1.670554,1.704325,2.519785,4.808288,5.606807,-2.362770,0.883858,-1.807951,112.806162,112.806162,4,1
-1.882200,3.489650,2.385600,2.633630,4.611732,4.069130,1.622846,2.147494,2.017209,4.627248,5.273466,-2.932932,-2.227771,1.056780,120.892508,120.892508,4,1
-0.534300,1.722300,2.367400,0.941174,0.285088,2.586362,0.970141,0.533936,1.608217,2.975966,3.096136,-0.412619,0.778366,-1.287526,23.591832,23.591832,4,1
0.392050,1.446000,0.567200,0.400559,0.156973,0.569145,0.632898,0.396198,0.754417,1.601978,1.806332,0.145654,-0.027203,-0.365474,10.684691,10.684691,4,1
0.167200,1.542400,-0.060450,0.799623,0.482123,0.913558,0.894216,0.694351,0.955802,1.552613,1.924175,0.123812,-0.114015,-0.369822,15.751952,15.751952,4,1
-0.585300,2.716800,-1.690550,0.473303,1.965502,2.874747,0.687970,1.401964,1.695508,3.252928,3.531437,-0.426086,-1.775329,-0.063342,15.844286,15.844286,4,1
-1.265600,4.121550,-1.249900,2.349034,3.126235,5.579194,1.532656,1.768116,2.362032,4.489005,5.258916,-2.321020,-0.568199,0.045597,76.666522,76.666522,4,1
-1.265200,3.289250,2.214700,2.456023,4.198789,4.819701,1.567170,2.049095,2.195382,4.162306,4.956697,-2.590161,-2.735841,1.666248,78.679054,78.679054,4,1
-0.517250,1.763850,2.565400,0.424232,0.335580,2.161546,0.651331,0.579292,1.470220,3.155945,3.213046,-0.167413,0.797395,-0.570896,13.411359,13.411359,4,1
0.215750,1.605250,0.828000,1.452040,0.177533,0.737771,1.205006,0.421347,0.858936,1.819055,2.213387,0.298308,-0.203679,-0.811038,28.519715,28.519715,4,1
0.211300,1.903850,0.012800,1.503993,0.373594,0.670795,1.226374,0.611224,0.819021,1.915583,2.295476,0.167100,-0.280154,-0.369421,29.468824,29.468824,4,1
-0.297350,2.446650,-1.295450,0.096944,0.719436,1.359004,0.311358,0.848196,1.165763,2.784368,2.943173,0.002795,-0.789845,0.097933,3.610273,3.610273,4,1
-1.614500,4.256500,-1.032950,2.923897,3.617246,3.162678,1.709941,1.901906,1.778392,4.668125,5.157426,-3.095078,2.796189,-2.598063,107.686246,107.686246,4,1
-2.515500,4.062300,1.953300,1.573266,4.267127,4.674789,1.254299,2.065702,2.162126,5.161918,5.763513,-2.013663,-1.448851,-0.389068,156.446866,156.446866,4,1
-1.271950,2.061900,2.737050,1.090006,0.531967,1.197371,1.044033,0.729361,1.094244,3.655233,3.716911,-0.546135,0.663156,-1.078077,53.067247,53.067247,4,1
0.043900,1.510950,1.144100,0.473260,0.087763,1.335314,0.687939,0.296247,1.155558,1.895748,2.221760,0.081061,-0.176501,-0.763082,9.030486,9.030486,4,1
0.080300,1.623250,0.634950,1.092979,0.670288,1.428628,1.045456,0.818711,1.195252,1.744864,2.246878,0.185665,0.086689,-0.637502,20.895560,20.895560,4,1
-0.596450,1.992400,0.533200,1.084132,0.800909,1.096799,1.041217,0.894935,1.047282,2.147024,2.591753,0.267371,0.181627,-0.357119,27.713565,27.713565,4,1
-0.759650,2.629500,-0.996050,0.386653,0.640937,2.349486,0.621814,0.800585,1.532803,2.912637,3.304053,0.273823,-0.791114,-0.320886,18.887773,18.887773,4,1
-2.051250,4.006100,-1.203850,3.357539,3.725627,3.406727,1.832359,1.930188,1.845732,4.658940,5.162819,-3.128581,3.079659,-3.144990,147.945775,147.945775,4,1
-2.656150,3.892950,1.822550,2.467166,4.360531,6.620615,1.570722,2.088188,2.573056,5.052908,5.857988,-3.068014,-0.200116,-0.122278,187.978813,187.978813,4,1
-0.991550,2.103550,2.931350,1.417869,1.219143,1.554487,1.190743,1.104148,1.246791,3.741779,3.915768,-1.094158,0.499634,-0.970758,46.602933,46.602933,4,1
0.126300,1.336450,1.186750,0.216189,0.060472,1.427003,0.464961,0.245910,1.194572,1.791766,2.072736,0.049355,-0.074046,-0.491408,4.426624,4.426624,4,1
0.052200,1.518800,0.377600,1.016941,0.567656,0.862670,1.008435,0.753430,0.928800,1.565906,1.986595,0.105632,0.039081,-0.461954,19.376372,19.376372,4,1
-0.372200,2.337500,-1.010550,0.856807,0.975864,3.146088,0.925639,0.987858,1.773722,2.573645,3.138608,0.011788,-0.915784,0.029591,19.049996,19.049996,4,1
-1.701100,4.085400,-1.776600,2.640193,3.313049,2.230547,1.624867,1.820178,1.493501,4.768704,5.189481,-2.841615,2.111696,-2.008542,108.038498,108.038498,4,1
-1.804100,3.917700,1.461600,3.484138,3.839100,10.349887,1.866585,1.959362,3.217124,4.554056,5.858024,-2.876857,-2.046579,1.077865,131.294164,131.294164,4,1
-0.314700,2.112650,2.860800,1.302420,0.513907,4.042488,1.141236,0.716873,2.010594,3.570224,3.853696,-0.175383,0.646823,-1.096170,26.726696,26.726696,4,1
0.153850,1.412400,1.078150,0.035111,0.099951,0.864232,0.187380,0.316151,0.929641,1.783522,1.886523,-0.016358,0.137876,-0.022746,1.140513,1.140513,4,1
0.144700,1.450600,0.273950,0.888056,0.471527,0.503406,0.942367,0.686678,0.709511,1.483316,1.780880,0.098574,-0.012930,-0.417544,17.291826,17.291826,4,1
-0.298200,1.401050,0.074100,1.076463,0.499469,0.452116,1.037527,0.706731,0.672395,1.434348,1.776227,0.230958,0.057277,-0.413910,22.231256,22.231256,4,1
-0.248400,1.427250,-0.278350,0.683075,0.236919,0.613739,0.826484,0.486743,0.783415,1.475203,1.806151,0.153511,-0.109647,-0.579221,14.212478,14.212478,4,1
-0.543150,2.314100,-1.517600,1.802817,0.722271,1.467609,1.342690,0.849865,1.211449,2.820138,3.236876,-0.870692,-0.574536,0.272883,40.153767,40.153767,4,1
-2.381450,3.859600,-0.708350,3.180819,2.911732,4.455559,1.783485,1.706380,2.110819,4.590161,5.298493,-2.533737,1.844270,-1.921317,173.861651,173.861651,4,1
-1.829850,3.514700,2.526950,4.189786,3.556979,3.884070,2.046897,1.885996,1.970805,4.699675,5.528611,-3.221397,-1.957063,2.641355,146.572945,146.572945,4,1
0.022750,1.907850,2.809600,0.249166,0.212703,1.970389,0.499165,0.461198,1.403705,3.396213,3.467988,-0.015398,0.498100,-0.335968,4.744497,4.744497,4,1
0.184450,1.839950,1.182850,1.414427,0.372369,1.222033,1.189297,0.610221,1.105456,2.195125,2.605294,0.156563,0.203036,-0.540593,27.554549,27.554549,4,1
-0.189300,1.502900,0.440950,1.640627,0.650902,1.065301,1.280870,0.806785,1.032134,1.577650,2.069499,0.410373,0.433001,-0.405629,31.888608,31.888608,4,1
-0.229900,1.522550,-0.844600,0.377130,0.708914,1.553900,0.614109,0.841970,1.246555,1.756235,2.054894,0.212781,-0.937927,-0.271967,8.222552,8.222552,4,1
-0.442550,3.498200,-1.854700,0.552787,4.685849,1.562897,0.743497,2.164682,1.250159,3.984114,4.306193,-1.233733,0.980911,-0.207074,14.419965,14.419965,4,1
-0.768300,3.998800,0.589650,0.806949,4.379707,9.674340,0.898303,2.092775,3.110360,4.114410,5.355599,-1.064865,-1.159456,-0.254932,27.137722,27.137722,4,1
-0.012450,2.394600,2.578100,1.013734,1.776905,2.692251,1.006844,1.333006,1.640808,3.518645,3.869824,-0.863668,0.259211,-0.849806,19.264049,19.264049,4,1
0.659100,1.435000,1.244200,0.119068,0.122629,1.420984,0.345063,0.350185,1.192050,2.010391,2.230648,-0.039913,0.311536,-0.300656,10.950556,10.950556,4,1
0.652900,1.372900,0.350650,0.898036,0.292156,0.860617,0.947648,0.540514,0.927694,1.560156,1.940421,-0.006997,0.197656,-0.388438,25.588258,25.588258,4,1
0.497000,1.908500,-0.954800,0.843145,0.533376,2.262672,0.918229,0.730326,1.504218,2.191124,2.697880,-0.056078,-0.334760,-0.108057,20.959940,20.959940,4,1
-0.217850,3.746050,-1.821450,0.788186,4.755895,1.400453,0.887798,2.180802,1.183408,4.171094,4.551585,-1.846765,1.919896,-0.661724,15.924707,15.924707,4,1
-0.802350,4.571750,1.003550,0.536530,4.031869,8.288696,0.732482,2.007951,2.879009,4.748871,5.716054,-0.929983,-0.737504,-0.357751,23.069389,23.069389,4,1
-0.082450,2.941950,2.887850,0.693436,2.407454,1.570982,0.832728,1.551597,1.253388,4.123293,4.333099,-0.789682,0.302019,-0.535640,13.311241,13.311241,4,1
0.588400,1.636700,1.619250,0.021772,0.240810,0.885800,0.147555,0.490724,0.941170,2.376336,2.425019,-0.033714,0.434073,-0.061971,7.337966,7.337966,4,1
0.740700,1.347900,0.248050,1.253459,0.218103,1.231617,1.119580,0.467014,1.109783,1.557883,2.046913,-0.297123,0.099584,-0.919008,34.788450,34.788450,4,1
0.980550,1.898900,-0.421550,2.047652,1.161766,0.808972,1.430962,1.077853,0.899428,2.178303,2.656362,-0.089464,0.057775,-1.063384,58.134957,58.134957,4,1
0.410900,2.525600,0.035150,2.079802,1.267352,0.781492,1.442152,1.125767,0.884020,2.559049,3.049253,0.221192,0.033430,-1.001649,42.893022,42.893022,5,1
0.221400,3.115650,-1.131400,1.400017,1.186330,4.057348,1.183223,1.089188,2.014286,3.322102,3.909096,0.696279,-1.206078,-1.795438,27.580680,27.580680,5,1
0.369250,4.156900,-2.806450,0.621745,1.419163,2.722399,0.788508,1.191286,1.649969,5.029148,5.244259,0.017668,-0.923432,-0.674344,14.540063,14.540063,5,1
-0.209350,4.523850,1.093600,0.819426,1.878987,21.648675,0.905221,1.370761,4.652814,4.658863,6.385445,-0.459414,-0.496823,-2.269516,16.445641,16.445641,5,1
-0.194750,3.201750,3.830000,0.725053,2.550563,5.785949,0.851501,1.597048,2.405400,4.995801,5.177955,-0.760399,2.489478,-1.488826,14.534563,14.534563,5,1
0.907450,1.793550,1.280150,2.536028,0.200011,3.815714,1.592491,0.447226,1.953385,2.383080,3.095368,-0.281629,0.599583,-2.027604,64.653839,64.653839,5,1
0.899100,1.503950,0.219700,2.820740,0.852240,1.483774,1.679506,0.923169,1.218103,1.765932,2.345413,-0.273982,0.306882,-0.988051,69.761684,69.761684,5,1
-0.030250,1.547150,-0.468950,0.310261,0.991543,1.879252,0.557011,0.995762,1.370858,1.616942,2.063754,-0.257945,0.143323,0.045995,5.913269,5.913269,5,1
-0.739650,3.377050,-2.501750,1.223548,4.329974,1.771948,1.106141,2.080859,1.331146,4.267353,4.391746,-1.910734,-2.202873,0.704905,34.189053,34.189053,5,1
-1.532400,5.190300,-1.140600,1.123542,1.166460,9.149587,1.059973,1.080028,3.024828,5.530681,6.299229,-0.762954,0.655071,0.153337,68.312300,68.312300,5,1
-0.937300,3.951600,3.207700,0.992583,2.638130,8.585175,0.996284,1.624232,2.930047,5.175231,5.962817,-1.032943,-1.414476,2.031007,36.429696,36.429696,5,1
0.010150,2.360000,2.901600,0.195162,0.697685,7.233379,0.441772,0.835275,2.689494,3.740185,4.062845,-0.059616,1.336544,-0.542170,3.710143,3.710143,5,1
0.610900,2.098050,0.151200,2.068157,0.571804,2.665079,1.438109,0.756177,1.632507,2.190405,2.810934,-0.418963,0.122046,-1.391212,46.758964,46.758964,5,1
0.613800,1.668500,-0.264800,2.640999,1.214169,2.274153,1.625115,1.101894,1.508030,1.797432,2.546038,-0.369140,0.028898,-1.242677,57.713992,57.713992,5,1
-0.031050,1.525100,0.160700,1.395798,0.656944,0.489529,1.181439,0.810521,0.699663,1.533857,2.058893,-0.148474,0.101786,-0.486008,26.539439,26.539439,5,1
-0.207350,2.330100,-0.881250,0.738595,1.155955,3.020086,0.859415,1.075154,1.737839,2.499792,3.007877,0.246582,-1.290458,-0.523103,14.893185,14.893185,5,1
-0.741100,3.925900,-2.999400,0.621588,2.795252,2.315638,0.788408,1.671901,1.521722,4.995830,5.091920,-0.809633,-1.992434,0.278604,22.794752,22.794752,5,1
-0.875200,4.823300,0.361650,1.558682,1.499073,23.651775,1.248472,1.224366,4.863309,4.915383,6.762403,-0.627918,-0.829907,1.156460,44.934454,44.934454,5,1
0.008550,3.624800,3.614250,1.351078,2.040376,6.634355,1.162359,1.428417,2.575724,5.118794,5.426779,-0.693431,1.986684,-1.224216,25.671947,25.671947,5,1
0.460350,2.235750,1.596200,0.050969,0.471687,2.444572,0.225762,0.686795,1.563513,2.785382,2.918086,-0.024852,1.039474,-0.070777,5.206845,5.206845,5,1
0.834350,1.723650,-0.015150,3.159483,0.699377,2.359077,1.777493,0.836287,1.535929,1.915030,2.672117,-0.503391,-0.205183,-1.979499,73.952977,73.952977,5,1
0.269700,1.416000,-0.172700,4.117967,0.789225,2.389222,2.029277,0.888383,1.545711,1.451764,2.455009,-0.291602,-0.259050,-2.285692,79.696128,79.696128,5,1
-0.267250,1.721550,-0.443950,0.451483,0.433433,1.389117,0.671925,0.658356,1.178608,1.797846,2.152678,0.170356,-0.122022,-0.462435,10.006631,10.006631,5,1
-0.085400,3.644600,-2.610750,0.635507,2.611218,3.589412,0.797187,1.615926,1.894574,4.484018,4.729644,-0.708419,-2.169170,0.235787,12.220502,12.220502,5,1
-0.775450,5.037900,-1.386000,1.269907,1.630710,13.673475,1.126902,1.276992,3.697766,5.282306,6.378306,-0.673802,1.523385,-1.347735,36.154693,36.154693,5,1
-0.833550,4.062700,3.255150,0.920643,2.304255,10.772956,0.959501,1.517977,3.282218,5.272223,6.059273,-0.819001,0.067305,0.698978,31.388329,31.388329,5,1
-0.210650,2.424600,3.000200,0.282836,0.621441,6.715965,0.531823,0.788315,2.591518,3.863193,4.042412,-0.251244,1.892144,-0.733550,6.261355,6.261355,5,1
0.650450,1.739050,-0.033900,1.861043,0.256538,3.403028,1.364200,0.506496,1.844730,1.857022,2.557158,-0.218707,-0.135412,-2.133015,43.821513,43.821513,5,1
0.440400,1.722150,-0.092850,3.556105,0.882306,3.611335,1.885764,0.939311,1.900351,1.779993,2.830830,-0.750480,0.232342,-2.633973,71.445034,71.445034,5,1
-0.302200,2.212200,-0.332700,1.471375,0.913274,2.604668,1.213002,0.955654,1.613899,2.257397,2.939577,-0.383939,-0.181283,-0.740009,29.782614,29.782614,5,1
-0.145500,3.973450,-2.846500,0.599132,2.207573,2.917490,0.774036,1.485790,1.708066,4.889994,5.058886,-0.251316,-1.906987,-0.158378,11.806916,11.806916,5,1
-0.583100,5.024700,-0.782850,1.056168,1.349874,19.607366,1.027701,1.161841,4.428021,5.118639,6.612220,0.001602,0.390706,-1.645092,26.867312,26.867312,5,1
-0.237100,3.823700,3.501750,1.048551,2.045257,9.977702,1.023988,1.430125,3.158750,5.190294,5.834333,-0.591687,0.997252,0.514968,21.046796,21.046796,5,1
0.459500,2.167000,2.509650,0.133760,0.714565,5.847958,0.365731,0.845319,2.418255,3.347443,3.515092,0.018009,1.908466,0.018114,6.764236,6.764236,5,1
0.691800,1.724400,0.319200,3.044568,1.082868,3.103321,1.744869,1.040610,1.761624,1.885214,2.692197,-0.108992,0.052682,-1.308802,67.418528,67.418528,5,1
0.198550,1.572250,0.000600,3.764212,1.196923,2.927600,1.940158,1.094040,1.711023,1.584737,2.533959,0.175041,0.116555,-1.239796,72.308467,72.308467,5,1
-0.447700,1.877200,-0.170800,0.392928,0.653970,1.009416,0.626840,0.808684,1.004697,1.937392,2.213161,0.155363,-0.105860,-0.205249,11.474338,11.474338,5,1
0.335750,3.561650,-2.329550,0.768903,1.565235,5.092845,0.876871,1.251093,2.256733,4.269061,4.686289,0.519819,-2.126672,-1.409060,16.863713,16.863713,5,1
0.152150,4.664350,-2.135450,1.257007,1.732230,8.611750,1.121163,1.316142,2.934578,5.132198,5.890019,-0.100923,0.691501,-1.346411,24.346123,24.346123,5,1
-0.866050,4.165250,2.888350,1.267158,1.901704,14.154409,1.125681,1.379023,3.762235,5.142170,6.196597,-0.034938,-0.995630,-0.966695,39.076853,39.076853,5,1
-0.455700,2.738300,3.407650,1.304070,0.933171,7.853359,1.141959,0.966008,2.802384,4.395228,4.630800,-0.877465,2.347404,-2.415245,28.930588,28.930588,5,1
0.689000,2.038550,0.628500,3.373597,0.826946,2.353566,1.836735,0.909365,1.534134,2.241745,2.981936,-0.423980,0.216787,-1.812730,73.592760,73.592760,5,1
0.512500,1.722000,0.007250,3.658291,1.097039,2.102251,1.912666,1.047397,1.449914,1.796662,2.570796,-0.064472,0.241273,-1.428704,74.760652,74.760652,5,1
0.071550,2.262000,-1.470800,0.307264,1.771108,2.427014,0.554314,1.330830,1.557888,2.699077,2.867074,0.647776,-1.986920,-0.675855,5.940399,5.940399,5,1
0.146500,4.004400,-2.930650,0.644845,1.872866,2.055651,0.803022,1.368527,1.433754,4.964412,5.113425,0.000753,-1.133814,-0.693744,12.681294,12.681294,5,1
-0.401450,4.794650,0.587250,1.922254,1.524849,19.767841,1.386454,1.234848,4.446104,4.847132,6.522423,-0.242688,-0.005009,-2.124396,39.746073,39.746073,5,1
-0.238450,3.382850,3.532700,1.650189,3.314142,5.254541,1.284597,1.820478,2.292279,4.896989,5.265089,-0.862842,1.838787,-0.655929,32.490753,32.490753,5,1
0.209200,1.952750,1.657350,0.082854,0.210045,2.027163,0.287843,0.458307,1.423785,2.569787,2.738225,0.029988,0.386957,0.111091,2.449514,2.449514,5,1
0.482450,1.846500,0.202150,2.775180,0.960892,2.830988,1.665887,0.980251,1.682554,1.919163,2.814211,-0.760304,0.076005,-1.810711,57.383581,57.383581,5,1
0.108000,1.550450,0.047500,3.362781,1.254748,2.988065,1.833789,1.120155,1.728602,1.554933,2.614472,-0.689268,0.223657,-2.010736,64.126110,64.126110,5,1
-0.265550,1.916250,-0.546900,0.350835,0.650193,1.546557,0.592314,0.806346,1.243606,2.010381,2.313525,0.095312,-0.256445,-0.443457,8.076207,8.076207,5,1
0.211900,3.817150,-2.878750,0.440514,2.181148,3.328414,0.663712,1.476871,1.824394,4.785680,4.935164,-0.039647,-2.208580,-0.247320,9.267790,9.267790,5,1
-0.101200,4.787500,-1.247450,1.737446,1.353285,17.493457,1.318122,1.163308,4.182518,4.948387,6.361034,-0.009611,-0.017072,-1.796045,33.216298,33.216298,5,1
0.185000,3.913650,2.995100,1.936056,1.379762,9.419756,1.391422,1.174633,3.069162,4.931684,5.649124,-0.345545,1.074222,0.861679,37.469570,37.469570,5,1
0.693350,2.327900,2.521450,0.323335,1.371902,4.059474,0.568625,1.171282,2.014814,3.501080,3.577886,0.240925,2.180158,0.618423,15.758047,15.758047,5,1
0.467250,1.632450,0.463450,1.697195,1.495297,2.713960,1.302764,1.222823,1.647410,1.760114,2.463043,-0.153704,0.312519,-0.113877,36.613149,36.613149,5,1
0.204600,2.093050,-0.537350,1.776511,1.575529,3.056323,1.332858,1.255201,1.748234,2.170591,2.876048,-0.101037,0.274930,0.060679,34.590928,34.590928,5,1
0.075500,3.202900,-2.437650,0.310580,1.592209,2.641250,0.557297,1.261827,1.625192,4.025718,4.155339,0.117434,-1.768384,-0.210707,6.015022,6.015022,5,1
-0.419000,4.192450,-2.279200,1.258298,1.962964,5.025966,1.121739,1.401058,2.241867,4.790298,5.330674,-0.170626,-0.918122,-0.344995,27.418874,27.418874,5,1
-1.151250,3.639050,2.318600,1.303703,3.271222,12.443297,1.141798,1.808652,3.527506,4.465867,5.677532,-0.082483,-2.030615,0.285453,51.277881,51.277881,5,1
-0.939000,2.469000,3.319200,0.853442,1.734959,5.078470,0.923819,1.317179,2.253546,4.242024,4.431279,-0.269728,1.843041,-0.864385,33.849816,33.849816,5,1
0.237150,2.074800,0.919700,1.882762,1.534951,2.536058,1.372138,1.238931,1.592501,2.281860,2.926782,0.052775,0.803329,-0.707068,36.897283,36.897283,5,1
0.260250,1.896950,0.261300,1.846879,1.952099,2.237529,1.358999,1.397175,1.495837,1.932467,2.546994,0.188196,0.981183,-0.041283,36.445301,36.445301,5,1
-0.007350,1.961650,-0.208200,2.283106,0.977835,0.109863,1.510995,0.988855,0.331456,1.972681,2.450747,0.435231,-0.249755,-0.244179,43.380095,43.380095,5,1
0.161200,2.305700,-0.262650,2.229128,0.657911,0.748519,1.493027,0.811117,0.865170,2.326204,2.913526,0.330379,-0.086535,-0.399540,42.873148,42.873148,5,1
0.197150,2.789250,-1.791700,0.522167,0.922442,3.890317,0.722611,0.960438,1.972389,3.320990,3.745614,0.553080,-1.299210,-1.147235,10.698533,10.698533,5,1
-0.144050,4.002700,-2.698600,0.954751,1.557073,2.322515,0.977114,1.247827,1.523980,4.829576,5.095271,-0.334909,-0.674104,-0.832874,18.555283,18.555283,5,1
-0.923450,4.238050,1.417700,0.983539,1.934320,14.406051,0.991735,1.390798,3.795530,4.563299,5.860451,-0.331480,-1.947554,-0.284396,35.742431,35.742431,5,1
-0.634250,3.015050,3.397800,0.952038,1.719505,3.836226,0.975724,1.311299,1.958629,4.586703,4.771314,-0.589574,1.463522,-0.844634,26.134181,26.134181,5,1
0.238450,2.104600,1.127900,3.636412,0.340595,2.825178,1.906938,0.583605,1.680827,2.399658,3.275512,-0.629017,0.129734,-2.476498,70.228991,70.228991,5,1
0.239900,1.705550,0.209500,4.325412,0.654244,1.351683,2.079763,0.808854,1.162619,1.735034,2.632397,-0.447527,0.154339,-1.682221,83.333870,83.333870,5,1
-0.502900,1.767200,0.129850,1.131731,0.541656,0.675866,1.063828,0.735973,0.822110,1.841946,2.249387,0.074001,0.045638,-0.175159,26.561054,26.561054,5,1
0.001550,2.831900,-1.632850,1.094199,0.933447,4.047639,1.046040,0.966151,2.011874,3.268923,3.804742,0.906079,-1.519912,-1.641336,20.789827,20.789827,5,1
0.074600,3.924150,-2.681550,1.060353,1.477104,2.610340,1.029734,1.215361,1.615655,4.753444,5.032899,-0.349736,-0.838769,-0.711310,20.258002,20.258002,5,1
-0.789950,4.402000,1.729850,1.430793,2.359295,18.068635,1.196158,1.536000,4.250722,4.795207,6.304956,-0.835536,-0.721064,-1.460686,39.665487,39.665487,5,1
-0.725300,3.289400,3.664700,1.045176,2.812366,5.544192,1.022338,1.677011,2.354611,4.977574,5.193988,-0.924036,2.246754,-0.968943,30.379540,30.379540,5,1
0.555900,2.008950,0.713700,2.671760,0.121914,3.523728,1.634552,0.349161,1.877160,2.203241,2.969658,0.032681,0.151497,-2.299880,56.943944,56.943944,5,1
0.492250,1.879950,-0.000950,4.284211,0.703726,2.315369,2.069833,0.838883,1.521634,1.943328,2.828802,-0.434342,0.179044,-2.128198,86.246201,86.246201,5,1
-0.189050,2.379450,-0.928350,1.710348,1.387541,2.964600,1.307803,1.177939,1.721801,2.561124,3.175162,-0.204839,-0.913926,-1.174886,33.211419,33.211419,5,1
-0.080100,3.688000,-2.929000,0.499027,1.796847,1.588690,0.706419,1.340465,1.260433,4.710287,4.799753,-0.134211,-1.256423,-0.367170,9.609840,9.609840,5,1
-0.482800,4.520550,-0.055800,1.363141,1.513838,18.462677,1.167536,1.230381,4.296822,4.546601,6.098619,-0.062052,1.012660,-1.614762,30.561598,30.561598,5,1
-0.158900,3.604000,3.423400,1.380239,2.019916,5.656764,1.174836,1.421237,2.378395,4.973302,5.325640,-0.255841,1.545504,-0.333323,26.729522,26.729522,5,1
0.509600,2.242500,1.672050,0.838654,0.436239,5.782760,0.915781,0.660484,2.404737,2.843281,3.484811,0.179936,0.805836,-0.952965,21.128278,21.128278,5,1
0.279050,1.746050,0.465900,3.007556,0.853500,3.044285,1.734231,0.923851,1.744788,1.828557,2.712715,-0.516806,0.314113,-1.454524,58.700937,58.700937,5,1
-0.497500,1.692250,0.711000,2.634464,1.090947,1.300327,1.623103,1.044484,1.140319,1.901772,2.520267,-0.604960,0.734931,-0.389581,55.004934,55.004934,5,1
-0.496500,2.280300,-0.656950,0.613823,0.939307,2.023227,0.783469,0.969178,1.422402,2.424431,2.829594,0.426592,-0.932665,-0.763476,16.592890,16.592890,5,1
-0.217900,3.708850,-2.637350,0.425168,1.973894,1.372583,0.652049,1.404953,1.171573,4.556168,4.659006,-0.432630,-0.977771,-0.127676,9.027806,9.027806,5,1
-0.953350,4.150250,-0.519150,2.385136,2.497403,15.396193,1.544389,1.580317,3.923798,4.289868,5.730859,-0.403386,0.005489,-4.139486,63.495113,63.495113,5,1
-1.148600,3.053150,2.954750,2.016286,1.933448,7.720487,1.419960,1.390485,2.778576,4.401313,4.963203,-0.580073,0.967038,-2.284607,64.695072,64.695072,5,1
-0.074550,1.807400,1.735400,0.954663,0.549518,5.138328,0.977069,0.741295,2.266788,2.506764,3.037991,-0.309682,1.063268,-1.973010,18.249755,18.249755,5,1
0.255350,1.600400,0.473300,0.843162,2.510678,1.461031,0.918238,1.584512,1.208731,1.688341,2.149520,-0.105223,1.237096,-0.481239,17.324143,17.324143,5,1
-0.441200,1.711750,0.590450,1.085458,2.419133,1.082569,1.041853,1.555356,1.040466,1.863700,2.302381,-0.043486,1.388347,-0.001811,24.516860,24.516860,5,1
-0.341350,1.925650,-0.597800,0.917899,0.453122,1.587441,0.958070,0.673143,1.259937,2.044997,2.517330,0.175417,-0.153381,-0.787766,19.770477,19.770477,5,1
0.171850,3.589800,-2.687450,0.400611,2.141115,2.322389,0.632938,1.463255,1.523939,4.487603,4.640740,-0.308499,-1.514757,-0.184846,8.202253,8.202253,5,1
-0.676650,4.505550,-1.225300,2.529403,1.925035,14.783906,1.590410,1.387456,3.844985,4.717965,6.019682,-0.141921,0.512774,-4.557538,57.215757,57.215757,5,1
-1.107700,3.664650,2.869450,2.108858,1.687253,10.980783,1.452191,1.298943,3.313727,4.784392,5.618257,-0.411956,0.707602,-2.285317,64.608280,64.608280,5,1
-0.083800,2.390150,2.606600,0.850436,0.655544,4.847999,0.922191,0.809656,2.201817,3.537542,3.737491,-0.523242,1.406971,-1.884405,16.298732,16.298732,5,1
0.628900,1.924300,0.504650,3.178969,0.562495,2.221042,1.782966,0.749997,1.490316,2.086413,2.798190,-0.122091,0.009680,-1.926919,68.310708,68.310708,5,1
0.087500,2.068650,0.227550,3.741535,0.858500,2.311284,1.934305,0.926553,1.520291,2.082966,2.931864,-0.001980,0.111200,-2.037971,71.242284,71.242284,5,1
-0.143750,2.566100,-1.185500,0.475225,1.492787,3.545170,0.689365,1.221797,1.882862,2.830361,3.267413,0.586565,-1.585831,-1.125353,9.442549,9.442549,5,1
-0.481500,4.028300,-2.988900,1.030092,2.141002,1.792829,1.014934,1.463216,1.338966,5.039104,5.204156,-0.624078,-1.216775,-0.294312,24.208588,24.208588,5,1
-0.913900,4.518350,0.489750,1.247402,2.435614,22.020621,1.116872,1.560645,4.692614,4.635791,6.410926,-0.420006,-0.799488,0.086442,40.404910,40.404910,5,1
-0.173400,3.389450,3.586400,1.110431,2.771446,7.623768,1.053770,1.664766,2.761117,4.937682,5.337445,-0.348723,2.134889,-1.261425,21.699534,21.699534,5,1
0.318550,2.204700,1.703100,0.810395,0.758514,4.355236,0.900219,0.870927,2.086920,2.804055,3.376934,0.000074,1.071759,-0.890933,17.426979,17.426979,5,1
-0.105944,1.676889,0.556056,3.157091,0.528680,2.823234,1.776820,0.727104,1.680248,1.769853,2.698323,-0.588833,0.369286,-1.756574,53.872577,53.872577,5,1
-0.785625,1.544875,0.724625,4.748272,1.121727,1.725676,2.179053,1.059116,1.313650,1.878544,2.627485,-1.530286,1.260075,-1.743026,38.175559,38.175559,5,1
